subject,sequence,image_index,filepath,file_prefix,AU17,AU1,AU2,AU25,AU27,AU4,AU7,AU23,AU24,AU6,AU12,AU15,AU14,AU11,AU26,high_level_emotion
S005,1,11,./cohn-kanade-images/S005/001/S005_001_00000011.png,S005_001_00000011,1,0,0,0,0,0,0,0,0,0,0,0,0,0,0,negative
S010,1,14,./cohn-kanade-images/S010/001/S010_001_00000014.png,S010_001_00000014,0,1,1,1,0,0,0,0,0,0,0,0,0,0,0,negative
S010,4,19,./cohn-kanade-images/S010/004/S010_004_00000019.png,S010_004_00000019,1,0,0,0,0,1,1,1,1,0,0,0,0,0,0,negative
S010,6,15,./cohn-kanade-images/S010/006/S010_006_00000015.png,S010_006_00000015,0,0,0,1,0,0,0,0,0,1,1,0,0,0,0,positive
S011,1,16,./cohn-kanade-images/S011/001/S011_001_00000016.png,S011_001_00000016,0,1,1,1,1,0,0,0,0,0,0,0,0,0,0,surprise
S011,2,22,./cohn-kanade-images/S011/002/S011_002_00000022.png,S011_002_00000022,1,1,0,0,0,1,0,0,0,0,0,1,0,0,0,negative
S011,3,14,./cohn-kanade-images/S011/003/S011_003_00000014.png,S011_003_00000014,0,1,0,1,0,1,1,0,0,0,0,0,0,0,0,negative
S011,4,21,./cohn-kanade-images/S011/004/S011_004_00000021.png,S011_004_00000021,1,0,0,0,0,1,1,1,1,0,0,0,0,0,0,negative
S014,1,29,./cohn-kanade-images/S014/001/S014_001_00000029.png,S014_001_00000029,0,1,1,1,1,0,0,0,0,0,1,0,0,0,0,surprise
S014,2,16,./cohn-kanade-images/S014/002/S014_002_00000016.png,S014_002_00000016,1,1,0,0,0,1,0,0,0,0,0,1,0,0,0,negative
S014,3,30,./cohn-kanade-images/S014/003/S014_003_00000030.png,S014_003_00000030,1,0,0,0,0,1,1,1,1,0,0,0,0,0,0,negative
S014,4,19,./cohn-kanade-images/S014/004/S014_004_00000019.png,S014_004_00000019,1,0,0,0,0,1,1,0,0,0,0,0,0,0,0,negative
S022,1,30,./cohn-kanade-images/S022/001/S022_001_00000030.png,S022_001_00000030,0,1,1,1,1,0,0,0,0,0,0,0,0,0,0,surprise
S022,2,17,./cohn-kanade-images/S022/002/S022_002_00000017.png,S022_002_00000017,0,1,1,1,0,1,0,0,0,0,0,0,0,0,0,negative
S022,4,23,./cohn-kanade-images/S022/004/S022_004_00000023.png,S022_004_00000023,1,0,0,0,0,0,0,0,0,0,0,1,0,0,0,negative
S026,1,15,./cohn-kanade-images/S026/001/S026_001_00000015.png,S026_001_00000015,0,1,1,1,1,0,0,0,0,0,0,0,0,0,0,surprise
S026,2,16,./cohn-kanade-images/S026/002/S026_002_00000016.png,S026_002_00000016,1,1,0,0,0,1,0,0,0,0,0,1,0,0,0,negative
S026,4,12,./cohn-kanade-images/S026/004/S026_004_00000012.png,S026_004_00000012,1,0,0,0,0,0,1,0,0,1,0,1,0,0,0,negative
S026,6,13,./cohn-kanade-images/S026/006/S026_006_00000013.png,S026_006_00000013,0,0,0,1,0,0,0,0,0,1,1,0,0,0,0,positive
S028,1,24,./cohn-kanade-images/S028/001/S028_001_00000024.png,S028_001_00000024,1,0,0,0,0,1,1,0,1,0,0,0,1,0,0,negative
S029,1,19,./cohn-kanade-images/S029/001/S029_001_00000019.png,S029_001_00000019,1,0,0,0,0,1,1,1,0,1,0,0,0,0,0,negative
S032,1,22,./cohn-kanade-images/S032/001/S032_001_00000022.png,S032_001_00000022,0,1,1,1,1,0,0,0,0,0,0,0,0,0,0,surprise
S032,2,21,./cohn-kanade-images/S032/002/S032_002_00000021.png,S032_002_00000021,1,1,0,0,0,1,0,0,0,0,0,1,0,0,0,negative
S032,3,17,./cohn-kanade-images/S032/003/S032_003_00000017.png,S032_003_00000017,1,0,0,0,0,1,0,1,1,0,0,0,0,0,0,negative
S032,6,16,./cohn-kanade-images/S032/006/S032_006_00000016.png,S032_006_00000016,0,0,0,1,0,0,0,0,0,1,1,0,0,0,0,positive
S034,1,29,./cohn-kanade-images/S034/001/S034_001_00000029.png,S034_001_00000029,0,1,1,1,1,0,0,0,0,0,1,0,0,0,0,surprise
S034,2,33,./cohn-kanade-images/S034/002/S034_002_00000033.png,S034_002_00000033,0,0,0,1,0,1,1,0,0,0,0,0,0,1,0,negative
S034,4,37,./cohn-kanade-images/S034/004/S034_004_00000037.png,S034_004_00000037,1,0,0,0,0,1,1,0,0,0,0,0,0,0,0,negative
S035,1,15,./cohn-kanade-images/S035/001/S035_001_00000015.png,S035_001_00000015,0,1,1,1,1,0,0,0,0,0,0,0,0,0,0,surprise
S035,2,10,./cohn-kanade-images/S035/002/S035_002_00000010.png,S035_002_00000010,1,0,0,0,0,1,0,0,0,0,0,0,0,0,0,negative
S035,3,15,./cohn-kanade-images/S035/003/S035_003_00000015.png,S035_003_00000015,0,0,0,1,0,1,1,0,0,1,1,0,0,0,0,negative
S035,4,16,./cohn-kanade-images/S035/004/S035_004_00000016.png,S035_004_00000016,1,0,0,0,0,1,0,0,0,0,0,0,0,0,0,negative
S037,1,20,./cohn-kanade-images/S037/001/S037_001_00000020.png,S037_001_00000020,0,1,1,1,1,0,0,0,0,0,0,0,0,0,0,surprise
S037,2,17,./cohn-kanade-images/S037/002/S037_002_00000017.png,S037_002_00000017,1,0,0,0,0,1,0,0,0,0,0,0,0,0,0,negative
S037,3,22,./cohn-kanade-images/S037/003/S037_003_00000022.png,S037_003_00000022,1,0,0,0,0,1,1,1,1,0,0,0,0,0,0,negative
S037,4,66,./cohn-kanade-images/S037/004/S037_004_00000066.png,S037_004_00000066,1,0,0,0,0,1,1,1,0,0,0,0,0,0,0,negative
S037,5,22,./cohn-kanade-images/S037/005/S037_005_00000022.png,S037_005_00000022,0,0,0,1,0,1,1,0,0,0,0,0,0,0,0,negative
S037,6,21,./cohn-kanade-images/S037/006/S037_006_00000021.png,S037_006_00000021,0,0,0,1,0,0,0,0,0,1,1,0,0,0,0,positive
S042,1,19,./cohn-kanade-images/S042/001/S042_001_00000019.png,S042_001_00000019,0,1,1,1,1,0,0,0,0,0,0,0,0,0,0,surprise
S042,2,16,./cohn-kanade-images/S042/002/S042_002_00000016.png,S042_002_00000016,1,1,0,0,0,1,0,0,0,0,0,0,0,0,0,negative
S042,3,14,./cohn-kanade-images/S042/003/S042_003_00000014.png,S042_003_00000014,0,0,0,1,0,1,0,0,0,0,0,0,0,0,0,negative
S044,1,24,./cohn-kanade-images/S044/001/S044_001_00000024.png,S044_001_00000024,0,1,1,1,1,0,0,0,0,0,0,0,0,0,0,surprise
S044,2,18,./cohn-kanade-images/S044/002/S044_002_00000018.png,S044_002_00000018,0,1,0,1,0,1,1,0,0,1,1,0,0,1,0,positive
S044,6,19,./cohn-kanade-images/S044/006/S044_006_00000019.png,S044_006_00000019,0,0,0,0,0,1,1,0,0,1,0,0,0,0,0,negative
S045,1,30,./cohn-kanade-images/S045/001/S045_001_00000030.png,S045_001_00000030,0,1,1,0,0,0,0,0,0,0,1,0,0,1,0,positive
S045,2,14,./cohn-kanade-images/S045/002/S045_002_00000014.png,S045_002_00000014,1,1,1,0,0,0,0,0,1,0,0,0,0,0,0,negative
S045,3,17,./cohn-kanade-images/S045/003/S045_003_00000017.png,S045_003_00000017,0,0,0,1,0,0,0,0,0,0,1,0,0,0,0,positive
S045,4,15,./cohn-kanade-images/S045/004/S045_004_00000015.png,S045_004_00000015,1,0,0,1,0,1,1,0,0,0,0,0,0,0,0,negative
S046,1,25,./cohn-kanade-images/S046/001/S046_001_00000025.png,S046_001_00000025,1,1,0,0,0,0,0,0,0,0,0,1,0,0,0,negative
S046,2,6,./cohn-kanade-images/S046/002/S046_002_00000006.png,S046_002_00000006,0,1,1,1,1,0,0,0,0,0,0,0,0,0,0,surprise
S046,3,16,./cohn-kanade-images/S046/003/S046_003_00000016.png,S046_003_00000016,0,0,0,1,0,1,0,0,0,0,0,0,0,0,0,negative
S050,1,17,./cohn-kanade-images/S050/001/S050_001_00000017.png,S050_001_00000017,0,1,1,1,0,0,0,0,0,0,0,0,0,0,0,negative
S050,2,18,./cohn-kanade-images/S050/002/S050_002_00000018.png,S050_002_00000018,0,1,1,1,1,0,0,0,0,0,0,1,0,0,0,surprise
S050,3,21,./cohn-kanade-images/S050/003/S050_003_00000021.png,S050_003_00000021,1,0,0,0,0,0,0,0,1,0,0,1,0,0,0,negative
S050,6,23,./cohn-kanade-images/S050/006/S050_006_00000023.png,S050_006_00000023,0,0,0,1,0,0,0,0,0,1,1,0,0,0,1,positive
S051,1,24,./cohn-kanade-images/S051/001/S051_001_00000024.png,S051_001_00000024,0,1,1,1,0,1,0,0,0,0,0,0,0,0,0,negative
S051,2,19,./cohn-kanade-images/S051/002/S051_002_00000019.png,S051_002_00000019,0,1,1,1,1,0,0,0,0,0,1,0,0,0,0,surprise
S051,3,18,./cohn-kanade-images/S051/003/S051_003_00000018.png,S051_003_00000018,1,0,0,0,0,1,0,0,0,0,0,0,1,0,0,negative
S052,1,15,./cohn-kanade-images/S052/001/S052_001_00000015.png,S052_001_00000015,0,1,1,1,1,0,0,0,0,0,0,0,0,0,0,surprise
S052,2,22,./cohn-kanade-images/S052/002/S052_002_00000022.png,S052_002_00000022,1,0,0,0,0,1,0,0,0,0,0,0,1,0,0,negative
S052,3,19,./cohn-kanade-images/S052/003/S052_003_00000019.png,S052_003_00000019,1,0,0,0,0,1,1,1,1,0,0,0,0,0,0,negative
S052,6,13,./cohn-kanade-images/S052/006/S052_006_00000013.png,S052_006_00000013,0,0,0,1,0,1,0,0,0,0,0,0,0,0,0,negative
S053,1,23,./cohn-kanade-images/S053/001/S053_001_00000023.png,S053_001_00000023,0,1,1,1,1,0,0,0,0,0,0,0,0,0,0,surprise
S053,3,65,./cohn-kanade-images/S053/003/S053_003_00000065.png,S053_003_00000065,1,0,0,0,0,1,1,1,1,0,0,0,0,0,0,negative
S053,4,24,./cohn-kanade-images/S053/004/S053_004_00000024.png,S053_004_00000024,0,0,0,1,0,0,0,0,0,1,1,0,0,0,1,positive
S054,1,20,./cohn-kanade-images/S054/001/S054_001_00000020.png,S054_001_00000020,0,0,0,1,0,0,0,0,0,0,1,0,0,0,0,positive
S054,2,15,./cohn-kanade-images/S054/002/S054_002_00000015.png,S054_002_00000015,0,0,0,1,0,1,1,0,0,0,0,0,0,0,0,negative
S054,4,24,./cohn-kanade-images/S054/004/S054_004_00000024.png,S054_004_00000024,0,0,0,0,0,0,0,1,0,0,0,0,0,0,0,negative
S055,1,12,./cohn-kanade-images/S055/001/S055_001_00000012.png,S055_001_00000012,0,1,1,1,1,0,0,0,0,0,0,0,0,0,0,surprise
S055,2,25,./cohn-kanade-images/S055/002/S055_002_00000025.png,S055_002_00000025,1,0,0,0,0,0,0,0,0,0,0,1,0,0,0,negative
S055,3,9,./cohn-kanade-images/S055/003/S055_003_00000009.png,S055_003_00000009,1,0,0,0,0,1,1,0,0,1,0,0,0,0,0,negative
S055,4,28,./cohn-kanade-images/S055/004/S055_004_00000028.png,S055_004_00000028,1,0,0,0,0,1,0,1,1,0,0,0,0,0,0,negative
S055,6,8,./cohn-kanade-images/S055/006/S055_006_00000008.png,S055_006_00000008,0,1,1,0,0,1,0,0,0,0,0,0,0,0,0,negative
S056,1,16,./cohn-kanade-images/S056/001/S056_001_00000016.png,S056_001_00000016,1,0,0,0,0,0,0,0,0,0,0,1,0,0,0,negative
S056,3,10,./cohn-kanade-images/S056/003/S056_003_00000010.png,S056_003_00000010,0,1,1,1,1,0,0,0,0,0,0,0,0,0,0,surprise
S056,4,20,./cohn-kanade-images/S056/004/S056_004_00000020.png,S056_004_00000020,0,0,0,1,0,0,0,0,0,0,1,0,0,0,0,positive
S057,1,19,./cohn-kanade-images/S057/001/S057_001_00000019.png,S057_001_00000019,0,1,1,1,0,0,0,0,0,0,0,0,0,0,1,surprise
S057,2,15,./cohn-kanade-images/S057/002/S057_002_00000015.png,S057_002_00000015,1,0,0,0,0,0,0,0,0,0,0,1,0,0,0,negative
S057,4,20,./cohn-kanade-images/S057/004/S057_004_00000020.png,S057_004_00000020,0,0,0,1,0,1,1,0,0,0,0,0,0,1,0,negative
S058,1,20,./cohn-kanade-images/S058/001/S058_001_00000020.png,S058_001_00000020,0,1,1,1,1,0,0,0,0,0,0,0,0,0,0,surprise
S058,2,22,./cohn-kanade-images/S058/002/S058_002_00000022.png,S058_002_00000022,0,0,0,1,0,0,0,0,0,0,1,0,0,0,0,positive
S058,3,15,./cohn-kanade-images/S058/003/S058_003_00000015.png,S058_003_00000015,1,0,0,0,0,1,0,0,0,0,0,1,0,0,0,negative
S058,5,10,./cohn-kanade-images/S058/005/S058_005_00000010.png,S058_005_00000010,1,0,0,0,0,1,0,0,1,0,0,0,1,0,0,negative
S058,6,18,./cohn-kanade-images/S058/006/S058_006_00000018.png,S058_006_00000018,1,0,0,0,0,0,0,0,0,0,0,0,0,0,0,negative
S059,1,18,./cohn-kanade-images/S059/001/S059_001_00000018.png,S059_001_00000018,0,1,1,1,1,0,0,0,0,0,0,0,0,0,0,surprise
S060,1,20,./cohn-kanade-images/S060/001/S060_001_00000020.png,S060_001_00000020,1,0,0,0,0,0,0,0,0,0,0,1,0,0,0,negative
S060,2,26,./cohn-kanade-images/S060/002/S060_002_00000026.png,S060_002_00000026,0,0,0,1,0,0,0,0,0,1,1,0,0,0,0,positive
S060,3,18,./cohn-kanade-images/S060/003/S060_003_00000018.png,S060_003_00000018,0,1,1,1,1,0,0,0,0,0,0,0,0,0,0,surprise
S060,5,21,./cohn-kanade-images/S060/005/S060_005_00000021.png,S060_005_00000021,0,0,0,0,0,0,0,0,0,0,0,0,0,0,0,negative
S061,1,12,./cohn-kanade-images/S061/001/S061_001_00000012.png,S061_001_00000012,0,1,1,1,1,0,0,0,0,0,0,0,0,0,0,surprise
S061,2,15,./cohn-kanade-images/S061/002/S061_002_00000015.png,S061_002_00000015,0,0,0,1,0,0,0,0,0,1,1,0,0,0,0,positive
S061,4,22,./cohn-kanade-images/S061/004/S061_004_00000022.png,S061_004_00000022,0,0,0,0,0,0,1,0,1,0,0,0,0,0,0,negative
S062,1,17,./cohn-kanade-images/S062/001/S062_001_00000017.png,S062_001_00000017,0,1,1,1,0,0,0,0,0,0,0,0,0,0,0,negative
S062,3,24,./cohn-kanade-images/S062/003/S062_003_00000024.png,S062_003_00000024,1,0,0,0,0,0,0,0,0,0,0,1,0,0,0,negative
S063,1,13,./cohn-kanade-images/S063/001/S063_001_00000013.png,S063_001_00000013,0,1,1,1,1,0,0,0,0,0,0,0,0,0,0,surprise
S063,2,23,./cohn-kanade-images/S063/002/S063_002_00000023.png,S063_002_00000023,0,0,0,0,0,0,0,0,0,1,1,0,0,0,0,positive
S064,1,12,./cohn-kanade-images/S064/001/S064_001_00000012.png,S064_001_00000012,0,1,1,1,1,0,0,0,0,0,0,0,0,0,0,surprise
S064,2,29,./cohn-kanade-images/S064/002/S064_002_00000029.png,S064_002_00000029,1,0,0,0,0,0,0,1,1,0,0,0,0,0,0,negative
S064,3,25,./cohn-kanade-images/S064/003/S064_003_00000025.png,S064_003_00000025,0,0,0,1,0,0,0,0,0,1,1,0,0,0,1,positive
S064,4,14,./cohn-kanade-images/S064/004/S064_004_00000014.png,S064_004_00000014,0,1,0,0,0,0,0,0,0,0,0,1,0,0,0,negative
S065,1,18,./cohn-kanade-images/S065/001/S065_001_00000018.png,S065_001_00000018,1,1,1,0,0,1,0,0,0,0,0,1,0,0,0,negative
S065,2,22,./cohn-kanade-images/S065/002/S065_002_00000022.png,S065_002_00000022,1,1,1,1,0,1,0,0,0,0,0,0,0,0,0,negative
S066,1,9,./cohn-kanade-images/S066/001/S066_001_00000009.png,S066_001_00000009,0,1,1,1,0,1,1,0,0,0,0,0,0,0,0,negative
S066,2,22,./cohn-kanade-images/S066/002/S066_002_00000022.png,S066_002_00000022,0,1,1,1,1,0,0,0,0,0,0,0,0,0,0,surprise
S066,3,12,./cohn-kanade-images/S066/003/S066_003_00000012.png,S066_003_00000012,0,0,0,1,0,0,0,0,0,1,1,0,0,0,0,positive
S066,4,10,./cohn-kanade-images/S066/004/S066_004_00000010.png,S066_004_00000010,1,1,0,0,0,1,0,0,0,0,0,0,0,0,0,negative
S066,5,11,./cohn-kanade-images/S066/005/S066_005_00000011.png,S066_005_00000011,1,0,0,0,0,1,1,1,0,0,0,0,0,0,0,negative
S067,1,21,./cohn-kanade-images/S067/001/S067_001_00000021.png,S067_001_00000021,1,1,1,0,0,0,0,0,0,0,0,1,0,0,0,negative
S067,2,14,./cohn-kanade-images/S067/002/S067_002_00000014.png,S067_002_00000014,0,1,1,1,1,0,0,0,0,0,0,0,0,0,0,surprise
S067,4,23,./cohn-kanade-images/S067/004/S067_004_00000023.png,S067_004_00000023,0,0,0,0,0,1,1,1,1,0,0,0,1,0,0,negative
S068,1,24,./cohn-kanade-images/S068/001/S068_001_00000024.png,S068_001_00000024,1,1,1,0,0,1,0,0,0,0,0,1,0,0,0,negative
S068,2,15,./cohn-kanade-images/S068/002/S068_002_00000015.png,S068_002_00000015,0,0,0,1,0,0,0,0,0,1,1,0,0,0,0,positive
S068,3,14,./cohn-kanade-images/S068/003/S068_003_00000014.png,S068_003_00000014,0,1,1,1,0,0,0,0,0,0,0,0,0,0,1,surprise
S068,5,21,./cohn-kanade-images/S068/005/S068_005_00000021.png,S068_005_00000021,1,0,0,0,0,0,0,0,1,0,0,1,0,0,0,negative
S069,1,18,./cohn-kanade-images/S069/001/S069_001_00000018.png,S069_001_00000018,1,1,0,0,0,0,0,0,0,0,0,1,0,0,0,negative
S069,2,14,./cohn-kanade-images/S069/002/S069_002_00000014.png,S069_002_00000014,0,1,1,1,1,0,0,0,0,0,0,0,0,0,0,surprise
S069,4,17,./cohn-kanade-images/S069/004/S069_004_00000017.png,S069_004_00000017,0,0,0,1,0,0,0,0,0,1,1,0,0,0,0,positive
S069,5,23,./cohn-kanade-images/S069/005/S069_005_00000023.png,S069_005_00000023,1,0,0,0,0,0,1,1,1,0,0,0,0,0,0,negative
S070,1,20,./cohn-kanade-images/S070/001/S070_001_00000020.png,S070_001_00000020,0,1,1,1,0,1,0,0,0,1,0,0,0,1,0,negative
S070,3,17,./cohn-kanade-images/S070/003/S070_003_00000017.png,S070_003_00000017,0,0,0,1,0,0,0,0,0,1,1,0,0,0,0,positive
S070,5,16,./cohn-kanade-images/S070/005/S070_005_00000016.png,S070_005_00000016,1,0,0,0,0,1,0,0,0,0,0,0,0,0,0,negative
S071,1,13,./cohn-kanade-images/S071/001/S071_001_00000013.png,S071_001_00000013,0,1,1,1,1,0,0,0,0,0,0,0,0,0,0,surprise
S071,2,20,./cohn-kanade-images/S071/002/S071_002_00000020.png,S071_002_00000020,1,1,0,0,0,1,0,0,0,0,0,1,0,0,0,negative
S071,3,22,./cohn-kanade-images/S071/003/S071_003_00000022.png,S071_003_00000022,0,0,0,1,0,1,0,0,0,1,0,0,0,1,0,negative
S071,4,28,./cohn-kanade-images/S071/004/S071_004_00000028.png,S071_004_00000028,1,0,0,0,0,1,1,1,1,0,0,0,0,0,0,negative
S071,5,21,./cohn-kanade-images/S071/005/S071_005_00000021.png,S071_005_00000021,0,0,0,1,0,0,0,0,0,1,1,0,0,0,0,positive
S072,1,17,./cohn-kanade-images/S072/001/S072_001_00000017.png,S072_001_00000017,1,0,0,0,0,0,0,0,0,0,0,1,0,0,0,negative
S072,4,8,./cohn-kanade-images/S072/004/S072_004_00000008.png,S072_004_00000008,0,0,0,1,1,0,0,0,0,0,0,0,0,0,0,surprise
S072,5,19,./cohn-kanade-images/S072/005/S072_005_00000019.png,S072_005_00000019,1,0,0,0,0,1,1,1,1,1,0,0,0,0,0,negative
S073,1,13,./cohn-kanade-images/S073/001/S073_001_00000013.png,S073_001_00000013,0,1,1,1,0,0,0,0,0,0,0,0,0,0,1,surprise
S073,2,29,./cohn-kanade-images/S073/002/S073_002_00000029.png,S073_002_00000029,0,0,0,1,0,0,0,0,0,0,1,0,0,0,1,positive
S073,4,14,./cohn-kanade-images/S073/004/S073_004_00000014.png,S073_004_00000014,0,0,0,1,0,0,0,0,0,0,0,0,0,0,0,negative
S073,5,21,./cohn-kanade-images/S073/005/S073_005_00000021.png,S073_005_00000021,0,0,0,1,0,0,0,0,0,0,0,0,0,1,0,negative
S073,6,14,./cohn-kanade-images/S073/006/S073_006_00000014.png,S073_006_00000014,1,0,0,0,0,1,1,0,0,1,0,0,0,0,0,negative
S074,1,20,./cohn-kanade-images/S074/001/S074_001_00000020.png,S074_001_00000020,0,1,1,1,0,0,0,0,0,0,0,0,0,0,0,negative
S074,2,16,./cohn-kanade-images/S074/002/S074_002_00000016.png,S074_002_00000016,0,1,1,1,1,0,0,0,0,0,0,0,0,0,0,surprise
S074,3,15,./cohn-kanade-images/S074/003/S074_003_00000015.png,S074_003_00000015,0,0,0,1,0,0,0,0,0,0,0,0,0,0,0,surprise
S074,4,18,./cohn-kanade-images/S074/004/S074_004_00000018.png,S074_004_00000018,1,0,0,1,0,1,1,0,0,1,0,0,0,0,0,negative
S074,5,43,./cohn-kanade-images/S074/005/S074_005_00000043.png,S074_005_00000043,0,0,0,1,0,0,0,0,0,1,1,0,0,0,0,positive
S075,1,13,./cohn-kanade-images/S075/001/S075_001_00000013.png,S075_001_00000013,1,1,1,0,0,0,0,0,1,0,0,1,0,0,0,negative
S075,2,14,./cohn-kanade-images/S075/002/S075_002_00000014.png,S075_002_00000014,0,1,1,1,1,0,0,0,0,0,0,0,0,0,0,surprise
S075,3,4,./cohn-kanade-images/S075/003/S075_003_00000004.png,S075_003_00000004,1,0,0,0,0,0,0,1,0,0,0,1,0,0,0,negative
S075,4,12,./cohn-kanade-images/S075/004/S075_004_00000012.png,S075_004_00000012,0,0,0,1,0,0,0,0,0,0,0,0,0,0,0,positive
S075,7,22,./cohn-kanade-images/S075/007/S075_007_00000022.png,S075_007_00000022,0,0,0,1,0,1,0,0,0,0,1,0,0,1,0,negative
S075,8,12,./cohn-kanade-images/S075/008/S075_008_00000012.png,S075_008_00000012,0,0,0,0,0,1,0,0,1,0,1,0,1,0,0,negative
S076,1,17,./cohn-kanade-images/S076/001/S076_001_00000017.png,S076_001_00000017,0,1,1,1,1,0,0,0,0,0,0,0,0,0,0,surprise
S076,2,9,./cohn-kanade-images/S076/002/S076_002_00000009.png,S076_002_00000009,1,0,0,0,0,0,0,0,0,0,0,1,0,0,0,positive
S076,3,18,./cohn-kanade-images/S076/003/S076_003_00000018.png,S076_003_00000018,1,0,0,0,0,0,0,0,1,0,0,1,0,0,0,negative
S076,4,9,./cohn-kanade-images/S076/004/S076_004_00000009.png,S076_004_00000009,0,0,0,1,0,0,0,0,0,0,0,0,0,0,0,surprise
S076,6,19,./cohn-kanade-images/S076/006/S076_006_00000019.png,S076_006_00000019,0,0,0,1,0,0,0,0,0,1,1,0,0,0,0,positive
S077,1,28,./cohn-kanade-images/S077/001/S077_001_00000028.png,S077_001_00000028,0,1,1,1,1,0,0,0,0,0,0,0,0,0,0,surprise
S077,2,33,./cohn-kanade-images/S077/002/S077_002_00000033.png,S077_002_00000033,0,0,0,1,0,0,0,0,0,0,1,0,0,0,0,positive
S077,3,11,./cohn-kanade-images/S077/003/S077_003_00000011.png,S077_003_00000011,1,0,0,0,0,0,0,0,0,0,0,1,0,0,0,negative
S078,1,33,./cohn-kanade-images/S078/001/S078_001_00000033.png,S078_001_00000033,0,1,1,1,1,0,0,0,0,0,0,0,0,0,0,surprise
S078,3,19,./cohn-kanade-images/S078/003/S078_003_00000019.png,S078_003_00000019,0,1,0,1,0,1,0,0,0,1,0,0,0,1,1,negative
S078,5,22,./cohn-kanade-images/S078/005/S078_005_00000022.png,S078_005_00000022,1,0,0,0,0,0,0,0,0,0,0,1,0,0,0,negative
S078,6,20,./cohn-kanade-images/S078/006/S078_006_00000020.png,S078_006_00000020,0,0,0,1,0,0,0,0,0,0,0,0,0,0,0,positive
S079,1,12,./cohn-kanade-images/S079/001/S079_001_00000012.png,S079_001_00000012,0,1,1,1,1,0,0,0,0,0,0,0,0,0,0,surprise
S079,3,16,./cohn-kanade-images/S079/003/S079_003_00000016.png,S079_003_00000016,0,0,0,1,0,1,0,0,0,0,0,0,0,1,0,negative
S079,4,26,./cohn-kanade-images/S079/004/S079_004_00000026.png,S079_004_00000026,0,0,0,1,0,0,0,0,0,1,1,0,0,0,0,positive
S080,1,18,./cohn-kanade-images/S080/001/S080_001_00000018.png,S080_001_00000018,0,1,1,1,1,0,0,0,0,0,0,0,0,0,0,surprise
S080,2,13,./cohn-kanade-images/S080/002/S080_002_00000013.png,S080_002_00000013,0,0,0,1,0,0,0,0,0,0,1,0,0,0,0,positive
S080,3,10,./cohn-kanade-images/S080/003/S080_003_00000010.png,S080_003_00000010,0,0,0,1,0,0,0,0,0,0,0,0,0,0,0,negative
S080,4,14,./cohn-kanade-images/S080/004/S080_004_00000014.png,S080_004_00000014,0,1,0,1,0,1,1,0,0,0,1,0,0,1,0,positive
S080,5,13,./cohn-kanade-images/S080/005/S080_005_00000013.png,S080_005_00000013,1,1,1,0,0,0,0,0,1,0,0,1,0,0,0,negative
S080,8,9,./cohn-kanade-images/S080/008/S080_008_00000009.png,S080_008_00000009,0,0,0,0,0,0,0,0,1,0,0,0,0,0,0,negative
S081,1,19,./cohn-kanade-images/S081/001/S081_001_00000019.png,S081_001_00000019,0,1,1,1,1,0,0,0,0,0,0,0,0,0,0,surprise
S081,2,24,./cohn-kanade-images/S081/002/S081_002_00000024.png,S081_002_00000024,1,1,1,0,0,1,0,0,0,0,0,1,0,0,0,negative
S081,3,25,./cohn-kanade-images/S081/003/S081_003_00000025.png,S081_003_00000025,1,0,0,0,0,0,0,0,0,0,0,1,0,0,0,negative
S081,5,19,./cohn-kanade-images/S081/005/S081_005_00000019.png,S081_005_00000019,0,0,0,1,0,0,0,0,0,1,1,0,0,0,0,positive
S081,8,11,./cohn-kanade-images/S081/008/S081_008_00000011.png,S081_008_00000011,0,0,0,0,0,0,0,0,1,0,0,0,0,0,0,negative
S082,1,15,./cohn-kanade-images/S082/001/S082_001_00000015.png,S082_001_00000015,0,1,1,1,1,0,0,0,0,0,0,0,0,0,0,surprise
S082,2,25,./cohn-kanade-images/S082/002/S082_002_00000025.png,S082_002_00000025,1,0,0,0,0,0,0,0,0,0,0,1,0,0,0,negative
S082,3,18,./cohn-kanade-images/S082/003/S082_003_00000018.png,S082_003_00000018,1,0,0,0,0,0,0,0,0,0,0,1,0,0,0,negative
S083,1,18,./cohn-kanade-images/S083/001/S083_001_00000018.png,S083_001_00000018,1,0,0,0,0,0,0,0,0,0,0,1,0,0,0,negative
S083,3,19,./cohn-kanade-images/S083/003/S083_003_00000019.png,S083_003_00000019,0,0,0,1,0,0,0,0,0,1,1,0,0,0,0,positive
S083,4,10,./cohn-kanade-images/S083/004/S083_004_00000010.png,S083_004_00000010,0,0,0,1,0,0,1,0,0,1,0,0,0,1,0,negative
S084,1,10,./cohn-kanade-images/S084/001/S084_001_00000010.png,S084_001_00000010,0,1,1,1,1,0,0,0,0,0,0,0,0,0,0,surprise
S084,4,17,./cohn-kanade-images/S084/004/S084_004_00000017.png,S084_004_00000017,0,0,0,0,0,0,0,1,1,1,0,0,0,0,0,negative
S085,1,17,./cohn-kanade-images/S085/001/S085_001_00000017.png,S085_001_00000017,1,0,0,0,0,1,0,0,0,0,0,1,0,0,0,negative
S085,3,13,./cohn-kanade-images/S085/003/S085_003_00000013.png,S085_003_00000013,0,1,1,1,1,0,0,0,0,0,0,0,0,0,0,surprise
S085,4,17,./cohn-kanade-images/S085/004/S085_004_00000017.png,S085_004_00000017,0,0,0,1,0,0,0,0,0,0,1,0,0,0,0,negative
S086,1,19,./cohn-kanade-images/S086/001/S086_001_00000019.png,S086_001_00000019,0,1,1,1,1,0,0,0,0,0,0,0,0,0,0,surprise
S086,2,15,./cohn-kanade-images/S086/002/S086_002_00000015.png,S086_002_00000015,0,0,0,1,0,0,0,0,0,1,1,0,0,0,0,positive
S087,1,11,./cohn-kanade-images/S087/001/S087_001_00000011.png,S087_001_00000011,0,1,1,1,0,0,0,0,0,0,0,0,0,0,1,surprise
S087,2,20,./cohn-kanade-images/S087/002/S087_002_00000020.png,S087_002_00000020,1,0,0,0,0,0,0,0,0,0,0,1,0,0,0,negative
S087,4,12,./cohn-kanade-images/S087/004/S087_004_00000012.png,S087_004_00000012,1,0,0,0,0,1,1,0,0,1,0,0,0,0,0,negative
S087,6,12,./cohn-kanade-images/S087/006/S087_006_00000012.png,S087_006_00000012,1,0,0,1,0,0,1,0,0,0,0,1,0,0,0,negative
S088,1,17,./cohn-kanade-images/S088/001/S088_001_00000017.png,S088_001_00000017,0,1,1,1,1,0,0,0,0,0,0,0,0,0,0,surprise
S088,2,17,./cohn-kanade-images/S088/002/S088_002_00000017.png,S088_002_00000017,0,1,0,1,0,1,1,0,0,1,0,0,0,1,0,negative
S088,4,20,./cohn-kanade-images/S088/004/S088_004_00000020.png,S088_004_00000020,1,0,0,0,0,1,0,0,0,1,0,0,0,0,0,negative
S089,1,16,./cohn-kanade-images/S089/001/S089_001_00000016.png,S089_001_00000016,0,1,1,1,1,0,0,0,0,0,0,0,0,0,0,surprise
S089,2,21,./cohn-kanade-images/S089/002/S089_002_00000021.png,S089_002_00000021,0,0,0,1,0,0,0,0,0,1,1,0,0,0,0,positive
S089,3,36,./cohn-kanade-images/S089/003/S089_003_00000036.png,S089_003_00000036,1,0,0,0,0,1,1,1,1,1,0,0,0,0,0,negative
S090,2,11,./cohn-kanade-images/S090/002/S090_002_00000011.png,S090_002_00000011,0,1,1,1,0,0,0,0,0,0,0,0,0,0,1,surprise
S090,6,11,./cohn-kanade-images/S090/006/S090_006_00000011.png,S090_006_00000011,1,0,0,0,0,0,0,0,0,0,0,0,0,0,0,negative
S091,1,15,./cohn-kanade-images/S091/001/S091_001_00000015.png,S091_001_00000015,0,1,1,1,0,0,0,0,0,0,0,0,0,0,0,negative
S091,2,7,./cohn-kanade-images/S091/002/S091_002_00000007.png,S091_002_00000007,0,0,0,1,0,0,0,0,0,0,0,0,0,0,0,negative
S091,3,21,./cohn-kanade-images/S091/003/S091_003_00000021.png,S091_003_00000021,0,0,0,1,0,0,0,0,0,1,1,0,0,0,0,positive
S092,1,17,./cohn-kanade-images/S092/001/S092_001_00000017.png,S092_001_00000017,0,1,1,1,1,0,0,0,0,0,0,0,0,0,0,surprise
S092,3,14,./cohn-kanade-images/S092/003/S092_003_00000014.png,S092_003_00000014,1,0,0,0,0,1,1,1,1,0,0,0,0,0,0,negative
S093,1,20,./cohn-kanade-images/S093/001/S093_001_00000020.png,S093_001_00000020,1,1,0,0,0,1,0,0,0,0,0,1,0,0,0,negative
S093,2,24,./cohn-kanade-images/S093/002/S093_002_00000024.png,S093_002_00000024,0,1,0,1,0,1,1,0,0,0,0,0,0,0,0,negative
S093,4,16,./cohn-kanade-images/S093/004/S093_004_00000016.png,S093_004_00000016,0,0,0,1,0,0,0,0,0,1,1,0,0,0,1,positive
S094,1,10,./cohn-kanade-images/S094/001/S094_001_00000010.png,S094_001_00000010,0,1,1,1,1,0,0,0,0,0,0,0,0,0,0,surprise
S094,3,13,./cohn-kanade-images/S094/003/S094_003_00000013.png,S094_003_00000013,1,0,0,0,0,1,0,0,0,0,0,1,0,0,0,negative
S095,1,16,./cohn-kanade-images/S095/001/S095_001_00000016.png,S095_001_00000016,0,1,1,1,1,0,0,0,0,0,0,0,0,0,0,surprise
S095,2,15,./cohn-kanade-images/S095/002/S095_002_00000015.png,S095_002_00000015,0,1,0,1,0,1,1,0,0,0,0,0,0,1,0,negative
S095,3,11,./cohn-kanade-images/S095/003/S095_003_00000011.png,S095_003_00000011,0,0,0,1,0,0,0,0,0,0,0,0,0,0,0,negative
S095,4,14,./cohn-kanade-images/S095/004/S095_004_00000014.png,S095_004_00000014,0,0,0,1,0,0,0,0,0,0,0,0,0,0,0,negative
S095,5,16,./cohn-kanade-images/S095/005/S095_005_00000016.png,S095_005_00000016,0,0,0,1,1,0,0,0,0,0,0,0,0,0,0,surprise
S096,1,7,./cohn-kanade-images/S096/001/S096_001_00000007.png,S096_001_00000007,0,1,1,1,1,0,0,0,0,0,0,0,0,0,0,surprise
S097,1,21,./cohn-kanade-images/S097/001/S097_001_00000021.png,S097_001_00000021,0,1,1,1,1,0,0,0,0,0,0,0,0,0,0,surprise
S097,4,30,./cohn-kanade-images/S097/004/S097_004_00000030.png,S097_004_00000030,1,0,0,0,0,1,1,0,0,1,0,0,0,0,0,negative
S097,5,10,./cohn-kanade-images/S097/005/S097_005_00000010.png,S097_005_00000010,0,0,0,1,0,1,1,0,0,1,0,0,0,1,0,negative
S097,6,19,./cohn-kanade-images/S097/006/S097_006_00000019.png,S097_006_00000019,0,0,0,1,0,0,0,0,0,1,1,0,0,0,0,positive
S098,1,28,./cohn-kanade-images/S098/001/S098_001_00000028.png,S098_001_00000028,1,0,0,0,0,0,0,0,0,0,0,1,0,0,0,negative
S098,3,13,./cohn-kanade-images/S098/003/S098_003_00000013.png,S098_003_00000013,1,0,0,0,0,1,1,0,0,1,0,0,0,0,0,negative
S098,4,15,./cohn-kanade-images/S098/004/S098_004_00000015.png,S098_004_00000015,0,0,0,1,0,0,1,0,0,1,1,0,0,0,0,positive
S099,1,14,./cohn-kanade-images/S099/001/S099_001_00000014.png,S099_001_00000014,0,1,1,1,1,0,0,0,0,0,0,0,0,0,0,surprise
S099,4,15,./cohn-kanade-images/S099/004/S099_004_00000015.png,S099_004_00000015,0,0,0,1,0,0,1,0,0,1,1,0,0,0,1,positive
S100,1,14,./cohn-kanade-images/S100/001/S100_001_00000014.png,S100_001_00000014,0,1,1,1,0,0,0,0,0,0,0,0,0,0,0,negative
S100,2,15,./cohn-kanade-images/S100/002/S100_002_00000015.png,S100_002_00000015,0,1,1,1,1,0,0,0,0,0,0,0,0,0,0,surprise
S100,3,13,./cohn-kanade-images/S100/003/S100_003_00000013.png,S100_003_00000013,1,0,0,0,0,0,0,1,0,0,0,1,0,0,0,negative
S100,5,23,./cohn-kanade-images/S100/005/S100_005_00000023.png,S100_005_00000023,1,0,0,0,0,1,0,1,1,0,0,0,0,0,0,negative
S101,1,17,./cohn-kanade-images/S101/001/S101_001_00000017.png,S101_001_00000017,1,1,1,1,0,0,0,0,0,0,0,0,0,1,0,negative
S101,2,19,./cohn-kanade-images/S101/002/S101_002_00000019.png,S101_002_00000019,0,1,1,1,1,0,0,0,0,0,0,0,0,0,0,surprise
S101,3,25,./cohn-kanade-images/S101/003/S101_003_00000025.png,S101_003_00000025,1,1,0,0,0,1,1,1,0,0,0,0,0,0,0,negative
S101,4,18,./cohn-kanade-images/S101/004/S101_004_00000018.png,S101_004_00000018,0,0,0,1,0,0,0,0,0,0,1,0,0,0,0,positive
S102,1,16,./cohn-kanade-images/S102/001/S102_001_00000016.png,S102_001_00000016,0,0,0,1,0,0,0,0,0,0,0,0,0,1,0,negative
S102,2,18,./cohn-kanade-images/S102/002/S102_002_00000018.png,S102_002_00000018,0,1,1,1,1,0,0,0,0,0,0,0,0,0,0,surprise
S102,6,15,./cohn-kanade-images/S102/006/S102_006_00000015.png,S102_006_00000015,1,0,0,0,0,0,0,0,0,0,0,1,0,0,0,negative
S103,1,16,./cohn-kanade-images/S103/001/S103_001_00000016.png,S103_001_00000016,0,1,1,1,0,0,0,0,0,0,0,0,0,0,1,surprise
S103,2,26,./cohn-kanade-images/S103/002/S103_002_00000026.png,S103_002_00000026,0,0,0,1,0,0,0,0,0,0,1,0,0,0,0,positive
S103,3,24,./cohn-kanade-images/S103/003/S103_003_00000024.png,S103_003_00000024,0,0,0,0,0,0,0,0,0,0,1,0,0,0,0,positive
S103,7,23,./cohn-kanade-images/S103/007/S103_007_00000023.png,S103_007_00000023,0,0,0,1,0,0,0,0,0,0,0,0,0,0,1,negative
S104,1,28,./cohn-kanade-images/S104/001/S104_001_00000028.png,S104_001_00000028,0,0,0,1,0,0,0,0,0,0,1,0,0,0,0,positive
S104,2,23,./cohn-kanade-images/S104/002/S104_002_00000023.png,S104_002_00000023,0,0,0,0,0,0,0,0,0,0,1,0,0,0,0,positive
S105,1,14,./cohn-kanade-images/S105/001/S105_001_00000014.png,S105_001_00000014,1,1,0,0,0,0,0,0,0,0,0,1,0,0,0,negative
S105,3,22,./cohn-kanade-images/S105/003/S105_003_00000022.png,S105_003_00000022,0,0,0,1,0,0,0,0,0,0,1,0,0,0,0,positive
S105,6,21,./cohn-kanade-images/S105/006/S105_006_00000021.png,S105_006_00000021,0,0,0,1,0,0,0,0,0,0,0,0,0,0,1,surprise
S106,1,18,./cohn-kanade-images/S106/001/S106_001_00000018.png,S106_001_00000018,0,1,1,1,1,1,0,0,0,0,0,0,0,0,0,surprise
S106,2,16,./cohn-kanade-images/S106/002/S106_002_00000016.png,S106_002_00000016,1,1,0,0,0,1,0,0,0,0,0,1,0,0,0,negative
S106,4,8,./cohn-kanade-images/S106/004/S106_004_00000008.png,S106_004_00000008,1,0,0,0,0,1,1,0,0,0,0,0,0,0,0,negative
S106,6,11,./cohn-kanade-images/S106/006/S106_006_00000011.png,S106_006_00000011,0,0,0,1,0,0,0,0,0,1,1,0,0,0,0,positive
S107,1,10,./cohn-kanade-images/S107/001/S107_001_00000010.png,S107_001_00000010,0,1,1,1,1,0,0,0,0,0,0,0,0,0,0,surprise
S107,2,17,./cohn-kanade-images/S107/002/S107_002_00000017.png,S107_002_00000017,0,0,0,0,0,0,0,0,0,0,1,0,0,0,0,positive
S107,3,21,./cohn-kanade-images/S107/003/S107_003_00000021.png,S107_003_00000021,0,0,0,1,1,0,0,0,0,0,0,0,0,0,0,surprise
S107,4,11,./cohn-kanade-images/S107/004/S107_004_00000011.png,S107_004_00000011,0,0,0,1,0,1,0,0,0,0,0,0,0,1,0,negative
S107,6,9,./cohn-kanade-images/S107/006/S107_006_00000009.png,S107_006_00000009,1,0,0,0,0,0,0,0,0,0,0,1,0,0,0,negative
S108,2,17,./cohn-kanade-images/S108/002/S108_002_00000017.png,S108_002_00000017,1,0,0,0,0,0,0,0,0,0,0,1,0,0,0,negative
S108,5,22,./cohn-kanade-images/S108/005/S108_005_00000022.png,S108_005_00000022,1,0,0,0,0,1,0,0,0,0,0,1,0,0,0,negative
S108,6,20,./cohn-kanade-images/S108/006/S108_006_00000020.png,S108_006_00000020,1,0,0,1,0,1,1,0,0,0,0,0,0,0,0,negative
S108,8,13,./cohn-kanade-images/S108/008/S108_008_00000013.png,S108_008_00000013,0,0,0,1,0,0,1,0,0,1,1,0,0,0,0,positive
S109,1,21,./cohn-kanade-images/S109/001/S109_001_00000021.png,S109_001_00000021,0,0,0,0,0,0,0,0,0,0,1,0,0,0,0,positive
S109,2,7,./cohn-kanade-images/S109/002/S109_002_00000007.png,S109_002_00000007,0,0,0,1,0,0,0,0,0,0,0,0,0,0,1,surprise
S109,4,13,./cohn-kanade-images/S109/004/S109_004_00000013.png,S109_004_00000013,0,0,0,1,0,1,1,0,0,1,1,0,0,0,0,negative
S110,1,13,./cohn-kanade-images/S110/001/S110_001_00000013.png,S110_001_00000013,0,1,1,1,1,0,0,0,0,0,0,0,0,0,0,surprise
S110,2,23,./cohn-kanade-images/S110/002/S110_002_00000023.png,S110_002_00000023,0,1,0,1,0,1,0,0,0,0,1,0,1,0,0,negative
S110,3,13,./cohn-kanade-images/S110/003/S110_003_00000013.png,S110_003_00000013,0,1,0,0,0,1,0,1,0,0,0,0,0,0,0,negative
S110,5,24,./cohn-kanade-images/S110/005/S110_005_00000024.png,S110_005_00000024,0,0,0,1,0,0,0,0,0,0,0,0,0,0,1,surprise
S110,6,27,./cohn-kanade-images/S110/006/S110_006_00000027.png,S110_006_00000027,0,0,0,0,0,1,1,1,1,0,0,0,0,0,0,negative
S110,7,29,./cohn-kanade-images/S110/007/S110_007_00000029.png,S110_007_00000029,0,0,0,0,0,0,0,0,0,1,1,0,0,0,0,positive
S111,1,14,./cohn-kanade-images/S111/001/S111_001_00000014.png,S111_001_00000014,0,1,1,1,1,0,0,0,0,0,0,0,0,0,0,surprise
S111,2,15,./cohn-kanade-images/S111/002/S111_002_00000015.png,S111_002_00000015,0,0,0,1,0,0,0,0,0,1,1,0,0,0,0,positive
S111,3,12,./cohn-kanade-images/S111/003/S111_003_00000012.png,S111_003_00000012,0,0,0,0,0,0,0,0,0,0,1,0,0,0,0,positive
S111,4,10,./cohn-kanade-images/S111/004/S111_004_00000010.png,S111_004_00000010,0,0,0,1,0,0,0,0,0,0,0,0,0,0,0,surprise
S112,1,22,./cohn-kanade-images/S112/001/S112_001_00000022.png,S112_001_00000022,1,1,1,0,0,0,0,0,0,0,0,0,0,0,0,negative
S112,2,14,./cohn-kanade-images/S112/002/S112_002_00000014.png,S112_002_00000014,0,0,0,1,0,0,0,0,0,0,0,0,0,1,0,negative
S113,1,12,./cohn-kanade-images/S113/001/S113_001_00000012.png,S113_001_00000012,0,1,1,1,1,0,0,0,0,0,0,0,0,0,0,surprise
S113,2,19,./cohn-kanade-images/S113/002/S113_002_00000019.png,S113_002_00000019,0,1,0,1,0,1,1,0,0,0,0,0,0,1,0,negative
S113,3,15,./cohn-kanade-images/S113/003/S113_003_00000015.png,S113_003_00000015,1,1,1,0,0,0,0,0,0,0,0,1,0,0,0,negative
S113,4,23,./cohn-kanade-images/S113/004/S113_004_00000023.png,S113_004_00000023,0,0,0,0,0,0,0,0,0,0,1,0,0,0,0,positive
S113,5,8,./cohn-kanade-images/S113/005/S113_005_00000008.png,S113_005_00000008,1,0,0,0,0,0,0,0,0,0,0,1,0,0,0,negative
S113,7,42,./cohn-kanade-images/S113/007/S113_007_00000042.png,S113_007_00000042,0,0,0,1,0,0,0,0,0,0,0,0,0,0,1,surprise
S114,1,18,./cohn-kanade-images/S114/001/S114_001_00000018.png,S114_001_00000018,0,1,1,1,1,0,0,0,0,0,0,0,0,0,0,surprise
S114,2,16,./cohn-kanade-images/S114/002/S114_002_00000016.png,S114_002_00000016,0,0,0,0,0,0,0,0,0,1,1,0,0,0,0,positive
S114,3,10,./cohn-kanade-images/S114/003/S114_003_00000010.png,S114_003_00000010,1,0,0,0,0,0,0,0,0,0,0,1,0,0,0,negative
S115,1,8,./cohn-kanade-images/S115/001/S115_001_00000008.png,S115_001_00000008,0,1,1,1,1,0,0,0,0,0,0,0,0,0,0,surprise
S115,2,24,./cohn-kanade-images/S115/002/S115_002_00000024.png,S115_002_00000024,0,1,0,1,0,1,1,0,0,0,0,0,0,1,0,negative
S115,4,17,./cohn-kanade-images/S115/004/S115_004_00000017.png,S115_004_00000017,1,1,1,0,0,0,0,0,0,0,0,1,0,0,0,negative
S115,5,15,./cohn-kanade-images/S115/005/S115_005_00000015.png,S115_005_00000015,0,0,0,0,0,0,0,0,0,0,1,0,0,0,0,positive
S115,6,17,./cohn-kanade-images/S115/006/S115_006_00000017.png,S115_006_00000017,1,0,0,0,0,0,0,1,0,0,0,1,0,0,0,negative
S115,8,17,./cohn-kanade-images/S115/008/S115_008_00000017.png,S115_008_00000017,0,0,0,1,0,0,0,0,0,1,1,0,0,0,0,positive
S116,1,14,./cohn-kanade-images/S116/001/S116_001_00000014.png,S116_001_00000014,0,1,1,1,1,0,0,0,0,0,0,0,0,0,0,surprise
S116,2,8,./cohn-kanade-images/S116/002/S116_002_00000008.png,S116_002_00000008,0,0,0,0,0,0,0,0,0,0,1,0,0,0,0,positive
S116,3,4,./cohn-kanade-images/S116/003/S116_003_00000004.png,S116_003_00000004,0,0,0,1,0,0,0,0,0,0,0,0,0,0,0,positive
S116,7,17,./cohn-kanade-images/S116/007/S116_007_00000017.png,S116_007_00000017,0,0,0,1,0,0,0,0,0,1,1,0,0,0,0,positive
S117,1,14,./cohn-kanade-images/S117/001/S117_001_00000014.png,S117_001_00000014,0,1,1,1,1,0,0,0,0,0,0,0,0,0,0,surprise
S117,2,17,./cohn-kanade-images/S117/002/S117_002_00000017.png,S117_002_00000017,1,1,0,0,0,1,0,0,0,0,0,1,0,1,0,negative
S117,4,11,./cohn-kanade-images/S117/004/S117_004_00000011.png,S117_004_00000011,1,0,0,0,0,0,0,0,0,0,0,1,0,0,0,negative
S117,7,16,./cohn-kanade-images/S117/007/S117_007_00000016.png,S117_007_00000016,0,0,0,0,0,0,0,0,0,1,1,0,0,0,0,positive
S118,1,16,./cohn-kanade-images/S118/001/S118_001_00000016.png,S118_001_00000016,0,1,0,1,0,0,0,0,0,0,0,0,0,0,0,negative
S118,2,12,./cohn-kanade-images/S118/002/S118_002_00000012.png,S118_002_00000012,0,0,0,1,0,0,0,0,0,0,1,0,0,0,0,positive
S118,3,14,./cohn-kanade-images/S118/003/S118_003_00000014.png,S118_003_00000014,1,0,0,0,0,0,0,0,0,0,0,1,0,0,0,negative
S118,4,12,./cohn-kanade-images/S118/004/S118_004_00000012.png,S118_004_00000012,0,0,0,1,0,0,0,0,0,0,0,0,0,0,0,negative
S118,6,15,./cohn-kanade-images/S118/006/S118_006_00000015.png,S118_006_00000015,1,0,0,1,0,1,0,0,0,0,0,0,0,0,0,negative
S119,1,11,./cohn-kanade-images/S119/001/S119_001_00000011.png,S119_001_00000011,0,1,1,1,1,0,0,0,0,0,0,0,0,0,0,surprise
S119,2,24,./cohn-kanade-images/S119/002/S119_002_00000024.png,S119_002_00000024,1,1,0,0,0,0,0,0,0,0,0,0,0,0,0,negative
S119,3,24,./cohn-kanade-images/S119/003/S119_003_00000024.png,S119_003_00000024,0,1,0,1,0,1,0,0,0,0,0,0,0,0,1,negative
S119,4,14,./cohn-kanade-images/S119/004/S119_004_00000014.png,S119_004_00000014,1,1,0,0,0,0,0,0,0,0,0,1,0,0,0,negative
S119,7,14,./cohn-kanade-images/S119/007/S119_007_00000014.png,S119_007_00000014,0,0,0,1,0,0,0,0,0,0,0,0,0,0,1,negative
S119,8,18,./cohn-kanade-images/S119/008/S119_008_00000018.png,S119_008_00000018,1,0,0,0,0,0,1,1,1,0,0,0,0,0,0,negative
S120,1,14,./cohn-kanade-images/S120/001/S120_001_00000014.png,S120_001_00000014,1,0,0,0,0,0,0,0,0,0,0,1,0,0,0,negative
S120,2,20,./cohn-kanade-images/S120/002/S120_002_00000020.png,S120_002_00000020,1,0,0,0,0,1,1,0,0,0,0,1,0,0,0,negative
S121,1,16,./cohn-kanade-images/S121/001/S121_001_00000016.png,S121_001_00000016,0,0,0,0,0,0,0,0,0,0,1,0,0,0,0,positive
S121,2,17,./cohn-kanade-images/S121/002/S121_002_00000017.png,S121_002_00000017,0,0,0,1,0,0,0,0,0,0,0,0,0,0,0,negative
S121,3,18,./cohn-kanade-images/S121/003/S121_003_00000018.png,S121_003_00000018,0,0,0,1,0,0,0,0,0,0,0,0,0,0,0,negative
S122,1,12,./cohn-kanade-images/S122/001/S122_001_00000012.png,S122_001_00000012,0,1,1,1,1,0,0,0,0,0,0,0,0,0,0,surprise
S122,2,15,./cohn-kanade-images/S122/002/S122_002_00000015.png,S122_002_00000015,0,0,0,1,0,0,0,0,0,0,0,0,0,1,0,negative
S122,5,34,./cohn-kanade-images/S122/005/S122_005_00000034.png,S122_005_00000034,0,0,0,1,0,0,0,0,0,0,0,0,0,0,1,negative
S124,1,14,./cohn-kanade-images/S124/001/S124_001_00000014.png,S124_001_00000014,0,1,1,1,1,0,0,1,0,0,0,0,0,0,0,surprise
S124,2,17,./cohn-kanade-images/S124/002/S124_002_00000017.png,S124_002_00000017,1,1,0,0,0,1,0,1,0,0,0,1,0,0,0,negative
S124,3,11,./cohn-kanade-images/S124/003/S124_003_00000011.png,S124_003_00000011,0,1,0,1,0,1,0,0,0,0,0,0,0,0,0,positive
S124,4,29,./cohn-kanade-images/S124/004/S124_004_00000029.png,S124_004_00000029,0,0,0,0,0,0,0,0,0,0,1,0,0,0,0,positive
S124,6,11,./cohn-kanade-images/S124/006/S124_006_00000011.png,S124_006_00000011,1,0,0,0,0,1,0,0,0,0,0,0,0,0,0,negative
S124,7,24,./cohn-kanade-images/S124/007/S124_007_00000024.png,S124_007_00000024,0,0,0,1,0,0,0,0,0,1,1,0,0,0,0,positive
S125,1,14,./cohn-kanade-images/S125/001/S125_001_00000014.png,S125_001_00000014,1,1,0,0,0,1,0,0,0,0,0,1,0,0,0,negative
S125,2,17,./cohn-kanade-images/S125/002/S125_002_00000017.png,S125_002_00000017,0,0,0,0,0,0,0,0,0,0,1,0,0,0,0,positive
S125,3,8,./cohn-kanade-images/S125/003/S125_003_00000008.png,S125_003_00000008,1,0,0,0,0,1,0,0,0,0,0,1,0,0,0,negative
S125,4,14,./cohn-kanade-images/S125/004/S125_004_00000014.png,S125_004_00000014,0,0,0,1,0,0,0,0,0,0,0,0,0,0,1,surprise
S125,5,13,./cohn-kanade-images/S125/005/S125_005_00000013.png,S125_005_00000013,0,0,0,1,0,0,0,0,0,1,1,0,0,0,0,positive
S125,6,22,./cohn-kanade-images/S125/006/S125_006_00000022.png,S125_006_00000022,0,1,1,1,0,1,0,0,0,0,1,0,0,0,0,negative
S126,1,37,./cohn-kanade-images/S126/001/S126_001_00000037.png,S126_001_00000037,1,0,0,0,0,1,0,0,0,0,0,1,0,0,0,negative
S127,1,17,./cohn-kanade-images/S127/001/S127_001_00000017.png,S127_001_00000017,0,1,1,1,1,0,0,0,0,0,0,0,0,0,0,surprise
S127,2,26,./cohn-kanade-images/S127/002/S127_002_00000026.png,S127_002_00000026,0,0,0,0,0,0,0,0,0,0,1,0,0,0,0,positive
S128,1,24,./cohn-kanade-images/S128/001/S128_001_00000024.png,S128_001_00000024,0,0,0,0,0,0,0,0,0,0,1,0,0,0,0,positive
S128,2,10,./cohn-kanade-images/S128/002/S128_002_00000010.png,S128_002_00000010,1,0,0,0,0,0,0,0,0,0,0,1,0,0,0,negative
S128,3,10,./cohn-kanade-images/S128/003/S128_003_00000010.png,S128_003_00000010,0,0,0,0,0,0,0,0,0,0,0,0,0,0,1,negative
S128,4,13,./cohn-kanade-images/S128/004/S128_004_00000013.png,S128_004_00000013,0,1,0,0,0,1,1,0,0,0,0,0,0,0,0,negative
S128,5,14,./cohn-kanade-images/S128/005/S128_005_00000014.png,S128_005_00000014,0,0,0,1,0,0,0,0,0,0,0,0,0,1,0,negative
S129,1,11,./cohn-kanade-images/S129/001/S129_001_00000011.png,S129_001_00000011,1,1,0,0,0,0,0,0,0,0,0,1,0,0,0,negative
S129,2,11,./cohn-kanade-images/S129/002/S129_002_00000011.png,S129_002_00000011,0,0,0,0,0,0,0,0,0,0,0,0,1,0,0,surprise
S129,3,24,./cohn-kanade-images/S129/003/S129_003_00000024.png,S129_003_00000024,0,0,0,0,0,0,0,0,0,0,1,0,0,0,0,positive
S129,6,10,./cohn-kanade-images/S129/006/S129_006_00000010.png,S129_006_00000010,1,0,0,0,0,0,1,1,0,1,0,0,0,0,0,negative
S130,1,18,./cohn-kanade-images/S130/001/S130_001_00000018.png,S130_001_00000018,0,1,1,1,1,0,0,0,0,0,0,0,0,0,0,surprise
S130,2,30,./cohn-kanade-images/S130/002/S130_002_00000030.png,S130_002_00000030,0,1,0,1,0,1,1,0,0,0,0,0,1,1,0,negative
S130,3,28,./cohn-kanade-images/S130/003/S130_003_00000028.png,S130_003_00000028,0,0,0,0,0,0,0,0,0,0,1,0,0,0,0,positive
S130,4,19,./cohn-kanade-images/S130/004/S130_004_00000019.png,S130_004_00000019,1,0,0,0,0,0,0,0,0,0,0,1,0,0,0,negative
S130,6,32,./cohn-kanade-images/S130/006/S130_006_00000032.png,S130_006_00000032,0,0,0,1,1,0,0,0,0,0,0,0,0,0,0,surprise
S130,7,20,./cohn-kanade-images/S130/007/S130_007_00000020.png,S130_007_00000020,1,0,0,0,0,1,1,1,1,0,0,0,0,0,0,negative
S130,9,19,./cohn-kanade-images/S130/009/S130_009_00000019.png,S130_009_00000019,1,1,0,0,0,1,0,0,0,0,0,0,0,0,0,negative
S130,12,11,./cohn-kanade-images/S130/012/S130_012_00000011.png,S130_012_00000011,1,0,0,0,0,0,0,0,0,0,0,1,0,0,0,negative
S130,13,15,./cohn-kanade-images/S130/013/S130_013_00000015.png,S130_013_00000015,0,0,0,1,0,0,0,0,0,1,1,0,0,0,0,positive
S131,1,16,./cohn-kanade-images/S131/001/S131_001_00000016.png,S131_001_00000016,0,1,1,1,1,0,0,0,0,0,0,0,0,0,0,surprise
S131,2,24,./cohn-kanade-images/S131/002/S131_002_00000024.png,S131_002_00000024,1,1,0,0,0,1,1,0,0,0,0,1,0,0,0,negative
S131,3,24,./cohn-kanade-images/S131/003/S131_003_00000024.png,S131_003_00000024,1,1,0,0,0,1,1,0,0,0,0,1,0,0,0,negative
S131,5,10,./cohn-kanade-images/S131/005/S131_005_00000010.png,S131_005_00000010,0,0,0,1,0,0,0,0,0,0,0,0,0,0,1,surprise
S132,1,11,./cohn-kanade-images/S132/001/S132_001_00000011.png,S132_001_00000011,1,1,0,0,0,0,0,0,0,0,0,1,0,0,0,negative
S132,2,18,./cohn-kanade-images/S132/002/S132_002_00000018.png,S132_002_00000018,1,1,0,0,0,1,0,0,0,0,0,1,0,0,0,negative
S132,3,23,./cohn-kanade-images/S132/003/S132_003_00000023.png,S132_003_00000023,0,1,0,1,0,1,0,0,0,1,1,0,0,0,0,negative
S133,1,29,./cohn-kanade-images/S133/001/S133_001_00000029.png,S133_001_00000029,0,0,0,0,0,0,0,0,0,0,1,0,0,0,0,positive
S133,2,20,./cohn-kanade-images/S133/002/S133_002_00000020.png,S133_002_00000020,1,0,0,0,0,1,1,0,0,0,0,1,0,0,0,negative
S133,3,47,./cohn-kanade-images/S133/003/S133_003_00000047.png,S133_003_00000047,1,0,0,0,0,1,1,1,1,0,0,0,0,0,0,negative
S133,4,15,./cohn-kanade-images/S133/004/S133_004_00000015.png,S133_004_00000015,1,0,0,0,0,0,0,0,0,0,0,1,0,0,0,negative
S133,10,14,./cohn-kanade-images/S133/010/S133_010_00000014.png,S133_010_00000014,0,0,0,1,0,0,0,0,0,1,1,0,0,0,0,positive
S134,2,17,./cohn-kanade-images/S134/002/S134_002_00000017.png,S134_002_00000017,0,0,0,1,1,0,0,0,0,0,0,0,0,0,0,surprise
S134,3,11,./cohn-kanade-images/S134/003/S134_003_00000011.png,S134_003_00000011,1,0,0,0,0,1,1,1,1,0,0,0,0,0,0,negative
S134,4,15,./cohn-kanade-images/S134/004/S134_004_00000015.png,S134_004_00000015,0,0,0,1,0,0,0,0,0,1,1,0,0,0,0,positive
S134,8,13,./cohn-kanade-images/S134/008/S134_008_00000013.png,S134_008_00000013,0,0,0,1,0,0,0,0,0,0,0,0,0,0,0,negative
S135,1,39,./cohn-kanade-images/S135/001/S135_001_00000039.png,S135_001_00000039,0,1,1,1,1,0,0,0,0,0,0,0,0,0,0,surprise
S135,2,19,./cohn-kanade-images/S135/002/S135_002_00000019.png,S135_002_00000019,0,0,0,0,0,0,0,0,0,0,1,0,0,0,0,positive
S135,4,16,./cohn-kanade-images/S135/004/S135_004_00000016.png,S135_004_00000016,0,0,0,1,1,0,0,0,0,0,0,0,0,0,0,surprise
S135,12,20,./cohn-kanade-images/S135/012/S135_012_00000020.png,S135_012_00000020,0,0,0,1,0,0,0,0,0,0,0,0,0,0,0,positive
S136,1,19,./cohn-kanade-images/S136/001/S136_001_00000019.png,S136_001_00000019,0,1,1,1,1,1,0,0,0,0,0,0,0,0,0,surprise
S136,2,12,./cohn-kanade-images/S136/002/S136_002_00000012.png,S136_002_00000012,0,1,0,1,0,1,0,0,0,0,0,0,0,1,0,negative
S136,3,14,./cohn-kanade-images/S136/003/S136_003_00000014.png,S136_003_00000014,1,1,0,0,0,1,0,1,0,0,0,1,0,0,0,negative
S137,1,14,./cohn-kanade-images/S137/001/S137_001_00000014.png,S137_001_00000014,0,1,1,1,1,0,0,0,0,0,0,0,0,0,0,surprise
S137,2,15,./cohn-kanade-images/S137/002/S137_002_00000015.png,S137_002_00000015,0,0,0,0,0,0,0,0,0,0,1,0,0,0,0,positive
S137,4,6,./cohn-kanade-images/S137/004/S137_004_00000006.png,S137_004_00000006,0,0,0,1,0,0,0,0,0,0,0,0,0,0,1,negative
S137,5,27,./cohn-kanade-images/S137/005/S137_005_00000027.png,S137_005_00000027,1,1,0,0,0,1,0,1,0,0,0,0,0,0,0,negative
S137,11,20,./cohn-kanade-images/S137/011/S137_011_00000020.png,S137_011_00000020,0,0,0,1,0,0,0,0,0,0,1,0,0,0,0,positive
S138,1,12,./cohn-kanade-images/S138/001/S138_001_00000012.png,S138_001_00000012,0,1,0,1,0,1,0,0,0,0,0,0,0,0,0,negative
S138,2,11,./cohn-kanade-images/S138/002/S138_002_00000011.png,S138_002_00000011,0,0,0,1,0,0,0,0,0,0,0,0,0,0,0,negative
S138,3,9,./cohn-kanade-images/S138/003/S138_003_00000009.png,S138_003_00000009,0,0,0,1,1,0,0,0,0,0,0,0,0,0,0,surprise
S138,4,13,./cohn-kanade-images/S138/004/S138_004_00000013.png,S138_004_00000013,0,0,0,1,1,0,0,0,0,0,0,0,0,0,0,surprise
S138,7,11,./cohn-kanade-images/S138/007/S138_007_00000011.png,S138_007_00000011,1,1,1,0,0,1,0,1,0,0,0,1,0,0,0,negative
S138,8,9,./cohn-kanade-images/S138/008/S138_008_00000009.png,S138_008_00000009,0,0,0,0,0,0,0,0,1,0,0,1,1,0,0,negative
S139,2,13,./cohn-kanade-images/S139/002/S139_002_00000013.png,S139_002_00000013,1,0,0,0,0,0,0,0,0,0,0,1,1,0,0,negative
S147,2,13,./cohn-kanade-images/S147/002/S147_002_00000013.png,S147_002_00000013,0,0,0,0,0,0,0,0,0,0,1,0,1,0,0,negative
S148,2,15,./cohn-kanade-images/S148/002/S148_002_00000015.png,S148_002_00000015,1,0,0,0,0,0,0,0,0,0,0,1,1,0,0,negative
S149,2,13,./cohn-kanade-images/S149/002/S149_002_00000013.png,S149_002_00000013,0,0,0,0,0,0,0,0,0,0,0,0,1,0,0,negative
S151,2,29,./cohn-kanade-images/S151/002/S151_002_00000029.png,S151_002_00000029,0,0,0,0,0,0,0,0,1,0,1,0,1,0,0,negative
S154,2,13,./cohn-kanade-images/S154/002/S154_002_00000013.png,S154_002_00000013,0,0,0,0,0,0,0,0,0,0,1,0,1,0,0,negative
S155,2,12,./cohn-kanade-images/S155/002/S155_002_00000012.png,S155_002_00000012,0,0,0,0,0,0,0,0,0,0,0,0,1,0,0,negative
S156,2,21,./cohn-kanade-images/S156/002/S156_002_00000021.png,S156_002_00000021,0,0,0,0,0,0,0,0,0,0,1,0,1,0,0,negative
S157,2,11,./cohn-kanade-images/S157/002/S157_002_00000011.png,S157_002_00000011,1,0,0,0,0,0,0,0,0,0,0,0,1,0,0,negative
S158,2,11,./cohn-kanade-images/S158/002/S158_002_00000011.png,S158_002_00000011,1,0,0,0,0,0,0,0,0,0,1,0,1,0,0,negative
S160,6,10,./cohn-kanade-images/S160/006/S160_006_00000010.png,S160_006_00000010,1,1,1,0,0,1,0,1,0,0,0,1,0,0,0,negative
S501,1,67,./cohn-kanade-images/S501/001/S501_001_00000067.png,S501_001_00000067,1,0,0,0,0,1,0,1,0,0,0,1,0,0,0,negative
S501,4,56,./cohn-kanade-images/S501/004/S501_004_00000056.png,S501_004_00000056,1,1,0,1,0,1,0,0,0,0,0,0,1,0,1,negative
S501,6,41,./cohn-kanade-images/S501/006/S501_006_00000041.png,S501_006_00000041,1,1,0,0,0,1,0,0,0,0,0,1,0,0,0,negative
S502,1,16,./cohn-kanade-images/S502/001/S502_001_00000016.png,S502_001_00000016,1,0,0,0,0,1,0,1,0,0,0,0,0,0,0,negative
S502,2,9,./cohn-kanade-images/S502/002/S502_002_00000009.png,S502_002_00000009,0,0,0,0,0,0,0,0,0,0,0,0,1,0,0,negative
S502,4,52,./cohn-kanade-images/S502/004/S502_004_00000052.png,S502_004_00000052,0,1,0,1,0,1,0,0,0,0,0,0,1,0,0,negative
S503,1,71,./cohn-kanade-images/S503/001/S503_001_00000071.png,S503_001_00000071,1,0,0,0,0,1,0,1,0,0,0,0,0,0,0,negative
S503,2,8,./cohn-kanade-images/S503/002/S503_002_00000008.png,S503_002_00000008,0,0,0,0,0,0,0,0,0,0,0,0,1,0,0,negative
S504,1,22,./cohn-kanade-images/S504/001/S504_001_00000022.png,S504_001_00000022,1,0,0,0,0,1,0,1,0,0,0,1,0,0,0,negative
S504,2,9,./cohn-kanade-images/S504/002/S504_002_00000009.png,S504_002_00000009,0,0,0,0,0,0,0,0,0,0,0,0,1,0,0,negative
S505,2,21,./cohn-kanade-images/S505/002/S505_002_00000021.png,S505_002_00000021,0,0,0,0,0,0,0,0,0,0,0,0,1,0,0,negative
S505,6,19,./cohn-kanade-images/S505/006/S505_006_00000019.png,S505_006_00000019,1,1,0,0,0,1,0,0,0,0,0,1,0,0,0,negative
S506,1,40,./cohn-kanade-images/S506/001/S506_001_00000040.png,S506_001_00000040,1,0,0,0,0,0,1,1,0,1,0,0,0,0,0,negative
S506,2,9,./cohn-kanade-images/S506/002/S506_002_00000009.png,S506_002_00000009,0,0,0,0,0,0,0,0,0,0,0,0,1,0,0,negative
S506,4,38,./cohn-kanade-images/S506/004/S506_004_00000038.png,S506_004_00000038,0,1,1,1,0,1,0,0,0,0,0,0,0,0,0,negative
S506,6,42,./cohn-kanade-images/S506/006/S506_006_00000042.png,S506_006_00000042,1,1,1,0,0,1,0,0,0,0,0,1,0,0,1,negative
S895,2,7,./cohn-kanade-images/S895/002/S895_002_00000007.png,S895_002_00000007,0,0,0,0,0,0,0,0,0,0,0,0,1,0,0,negative
S999,1,18,./cohn-kanade-images/S999/001/S999_001_00000018.png,S999_001_00000018,1,0,0,0,0,1,0,1,0,0,0,0,0,0,0,negative
S999,3,55,./cohn-kanade-images/S999/003/S999_003_00000055.png,S999_003_00000055,0,1,1,1,0,1,0,0,0,0,0,0,1,0,0,negative
